date,3x3 Basketball,Acrobatic Gymnastics,Alpine Skiing,Archery,Artistic Gymnastics,Artistic Swimming,Athletics,Badminton,Baseball Softball,Basketball,Beach Handball,Beach Volleyball,Biathlon,BMX Freestyle,BMX Racing,Bobsleigh,Boxing,Breaking,Cross-Country,Curling,Diving,Equestrian,Fencing,Figure Skating,Football,Freestyle Skiing,Futsal,Golf,Handball,Hockey,Ice Hockey,Judo,Karate,Luge,Marathon Swimming,Modern Pentathlon,Mountain Bike,Nordic Combined,Rhythmic Gymnastics,Road Cycling,Roller Speed Skating,Rowing,Rugby,Sailing,Shooting,Short Track Speed Skating,Skateboarding,Skeleton,Ski Jumping,Ski Mountaineering,Snowboard,Speed Skating,Sport Climbing,Surfing,Swimming,Table Tennis,Taekwondo,Tennis,Track Cycling,Trampoline,Triathlon,Volleyball,Water Polo,Weightlifting,Wrestling
2021-07-25 22:00:00,12,16,0,30,12,24,6,19,1,45,12,6,59,1,1,32,21,77,5,66,9,27,33,39,49,0,58,29,5,7,44,51,29,21,39,95,27,12,17,72,0,6,12,25,38,0,35,61,0,0,17,0,24,31,47,16,7,34,15,18,100,7,23,25,45
2021-07-25 23:00:00,20,14,0,32,15,25,6,24,1,50,14,9,38,1,0,46,24,82,3,73,9,25,31,74,46,0,63,20,33,7,45,44,35,13,34,57,22,0,14,48,0,6,15,18,35,0,72,76,68,0,34,23,26,21,43,19,5,32,11,17,81,10,42,27,53
2021-07-26 00:00:00,12,0,0,37,14,13,6,25,7,51,8,13,9,1,0,0,21,95,0,90,8,16,35,27,47,0,100,16,18,7,42,49,31,11,21,21,19,0,17,19,0,4,45,11,38,0,94,93,0,0,15,0,16,15,38,22,7,30,8,14,17,12,69,27,58
2021-07-26 01:00:00,23,0,0,56,16,32,5,28,56,55,14,9,0,1,0,34,24,90,0,57,7,9,37,30,46,0,71,14,11,9,17,54,28,19,0,0,12,0,27,16,0,3,18,12,31,0,96,77,0,0,13,0,26,12,58,22,6,30,13,8,9,13,24,28,61
2021-07-26 02:00:00,20,0,0,47,17,30,5,30,6,51,19,11,0,0,0,0,23,97,13,49,11,10,34,21,44,0,0,14,8,14,41,81,17,27,0,32,21,0,10,34,0,3,17,15,34,0,77,39,0,0,27,0,18,14,100,23,5,50,9,11,11,11,33,24,72
2021-07-26 03:00:00,23,0,0,36,16,34,3,44,1,47,11,14,0,1,0,0,27,83,0,61,9,8,45,23,52,0,37,17,6,18,19,65,23,0,0,18,16,0,11,44,0,4,12,20,37,0,90,41,0,0,30,27,20,17,63,22,8,48,0,11,12,12,37,21,52
2021-07-26 04:00:00,12,0,0,40,20,84,4,27,1,35,8,15,0,1,1,0,21,92,0,52,9,20,51,0,62,0,53,23,5,22,26,49,17,0,39,0,22,0,8,36,0,3,15,22,25,0,100,39,0,0,14,0,29,13,44,18,14,44,5,8,20,13,27,17,51
2021-07-26 05:00:00,23,0,0,29,11,17,5,38,0,40,29,12,7,1,0,18,21,81,10,46,12,35,48,15,56,0,49,28,9,13,40,54,22,40,0,12,28,0,4,35,0,6,16,31,23,0,50,37,0,0,0,9,27,20,54,26,11,45,7,15,32,11,30,20,38
2021-07-26 06:00:00,17,11,0,34,16,20,4,20,0,40,26,13,4,1,1,9,17,71,41,53,100,33,61,16,50,0,38,32,8,9,25,55,18,5,9,22,77,0,13,35,0,7,17,28,19,0,60,22,0,0,9,9,35,20,66,21,9,47,8,20,27,11,31,17,39
2021-07-26 07:00:00,19,0,0,42,27,26,7,19,1,34,23,10,5,1,1,23,16,61,100,45,75,42,71,32,44,0,51,32,8,11,31,74,26,13,23,29,100,0,17,54,0,6,20,31,23,0,58,29,0,0,12,6,41,21,66,25,60,45,24,21,21,10,33,19,26
2021-07-26 08:00:00,19,27,16,55,30,42,7,20,1,31,12,10,5,0,1,4,18,52,25,58,48,37,70,27,39,0,67,34,7,11,24,61,22,17,13,33,57,0,11,43,0,6,19,30,22,0,57,33,0,0,12,7,62,20,69,19,20,43,17,24,12,9,32,19,22
2021-07-26 09:00:00,23,10,0,33,26,33,6,28,1,33,41,12,9,1,1,29,18,48,10,58,28,34,76,34,40,0,68,35,10,15,31,72,29,25,17,25,36,0,18,36,0,5,27,27,21,0,39,34,0,0,12,4,42,17,72,26,30,42,15,26,8,10,37,20,23
2021-07-26 10:00:00,22,19,0,27,34,25,7,24,1,33,47,12,8,1,1,8,17,47,17,51,21,31,83,40,38,0,60,34,12,28,35,51,18,18,20,20,29,0,42,30,0,5,17,26,22,0,33,45,24,0,12,10,35,16,65,16,9,36,11,27,6,12,43,20,22
2021-07-26 11:00:00,15,24,14,29,34,37,6,35,0,32,73,16,11,1,1,16,20,50,7,55,21,34,77,47,42,0,43,35,16,19,35,39,18,4,16,21,29,0,31,36,0,6,15,28,21,0,35,41,0,0,17,8,49,16,61,19,11,37,12,26,6,12,40,23,20
2021-07-26 12:00:00,17,9,0,29,41,37,7,30,1,36,74,16,10,1,1,27,18,50,11,66,21,38,100,28,43,0,37,34,15,11,38,63,37,25,12,33,31,0,24,40,0,5,15,25,22,0,34,48,0,0,14,4,42,15,59,32,100,37,11,27,6,14,31,25,26
2021-07-26 13:00:00,22,4,13,31,41,30,6,23,1,35,57,17,18,1,1,14,25,49,8,65,19,34,76,65,40,0,64,32,14,9,33,48,26,20,7,22,27,0,41,31,0,5,14,25,22,0,29,41,42,0,11,5,34,14,59,76,28,45,13,24,5,17,27,27,23
2021-07-26 14:00:00,14,8,23,81,19,20,6,48,1,29,76,15,21,1,1,59,19,51,3,58,17,33,71,24,41,0,41,32,13,8,41,37,22,28,28,41,26,0,20,30,0,5,14,25,22,0,28,40,18,0,17,3,26,13,57,69,11,45,11,25,22,18,24,23,25
2021-07-26 15:00:00,40,8,0,31,17,28,6,32,0,56,59,13,6,1,1,20,16,54,5,58,18,30,63,34,42,0,72,34,12,8,39,35,25,21,17,30,28,0,14,29,0,5,24,35,23,0,74,45,0,0,21,10,46,14,56,27,9,38,9,23,5,16,30,20,28
2021-07-26 16:00:00,23,5,14,29,16,17,5,22,1,34,65,16,23,1,1,11,23,60,6,69,21,29,61,29,45,0,78,35,12,63,74,31,29,100,19,23,31,100,17,24,0,5,17,25,25,0,30,44,45,0,17,4,28,15,58,45,9,49,10,24,5,14,33,22,27
2021-07-26 17:00:00,12,18,0,29,15,21,6,20,1,30,51,13,14,1,0,33,19,54,12,64,25,31,55,36,47,0,68,35,11,15,44,37,26,20,15,34,41,21,17,29,0,5,15,25,25,0,34,46,0,0,8,5,41,15,61,23,9,36,11,26,6,11,32,30,29
2021-07-26 18:00:00,14,9,26,31,16,25,6,24,1,27,55,14,9,1,1,54,20,59,7,75,37,30,49,36,48,0,52,34,11,9,35,40,28,22,11,33,40,0,28,27,0,5,14,25,27,0,34,51,0,0,17,5,40,16,59,21,7,35,10,27,6,11,33,27,27
2021-07-26 19:00:00,12,13,27,36,18,17,8,25,1,29,57,14,17,1,1,41,22,63,8,70,32,38,83,48,50,0,66,34,12,11,46,56,42,26,26,54,54,7,26,39,0,6,15,26,35,0,35,58,22,0,18,7,33,19,61,30,31,36,18,29,18,13,26,34,30
2021-07-26 20:00:00,14,5,14,32,16,27,7,22,1,31,57,16,30,1,2,76,20,67,8,83,22,36,50,36,51,0,50,35,12,12,43,46,31,29,34,64,42,14,21,37,0,6,15,29,36,0,71,55,68,0,23,2,37,20,56,24,10,37,13,25,31,12,34,33,31
2021-07-26 21:00:00,14,5,15,35,19,28,7,30,1,34,67,17,40,1,1,43,23,70,8,91,27,39,47,48,51,0,62,33,18,11,51,75,31,19,26,74,46,0,24,35,0,8,36,30,35,0,54,53,25,0,29,9,47,23,59,38,9,42,19,25,33,14,39,29,38
2021-07-26 22:00:00,15,0,24,29,18,34,6,40,1,35,74,20,72,1,0,71,25,76,4,77,19,30,40,42,49,0,49,26,18,9,45,46,29,36,26,100,37,12,29,63,0,7,13,23,32,0,29,61,38,0,21,3,54,35,47,34,7,41,18,22,87,16,43,30,46
2021-07-26 23:00:00,16,14,0,27,16,18,6,27,0,36,80,19,29,0,0,35,22,72,6,69,14,21,32,45,43,0,32,20,14,7,59,45,29,38,35,54,25,0,30,47,0,6,13,18,35,0,24,76,0,0,13,17,43,37,39,29,6,36,12,19,82,12,33,40,60
2021-07-27 00:00:00,19,0,0,31,21,32,6,29,1,42,83,76,17,0,2,0,24,77,6,56,14,16,33,72,49,0,72,16,21,9,78,49,29,0,0,70,30,0,21,27,0,8,46,17,37,0,25,94,0,0,8,0,8,37,37,30,9,36,14,16,28,36,51,29,89
2021-07-27 01:00:00,19,0,0,22,17,21,6,31,2,47,55,36,0,1,0,35,27,88,0,93,10,16,23,45,45,0,95,14,23,10,18,54,30,58,0,23,24,0,14,16,0,4,20,17,39,0,23,94,0,0,19,0,39,23,53,32,14,33,15,13,12,100,62,32,88
2021-07-27 02:00:00,32,0,0,26,25,15,7,40,2,51,0,17,20,0,0,0,34,100,0,49,13,21,26,42,45,0,33,16,16,12,0,81,25,27,0,16,17,0,10,11,0,4,17,15,32,0,18,67,0,0,9,0,0,24,82,40,12,66,15,6,12,20,100,19,90
2021-07-27 03:00:00,28,65,0,33,15,16,5,45,1,41,53,16,0,1,0,0,24,78,0,54,9,17,47,46,49,0,0,16,16,46,100,76,23,0,0,36,17,0,21,37,0,6,15,27,33,0,13,64,0,0,20,27,20,28,55,29,8,58,17,12,14,26,81,40,73
2021-07-27 04:00:00,11,0,0,40,12,34,6,27,1,32,65,16,15,1,0,0,29,94,0,57,10,19,31,16,63,0,50,19,17,40,31,77,13,0,73,24,16,0,22,51,0,6,16,28,25,0,10,46,0,0,7,55,14,30,43,30,6,57,16,13,18,14,30,36,67
2021-07-27 05:00:00,24,20,0,27,14,15,5,28,1,31,100,17,14,1,0,33,24,62,0,41,12,33,43,22,57,0,23,25,23,13,31,69,20,0,33,17,22,0,13,31,0,6,18,31,20,0,13,30,0,0,15,8,13,28,56,21,41,58,13,15,31,13,46,27,49
2021-07-27 06:00:00,14,21,0,29,16,24,6,27,0,27,97,23,22,0,1,9,18,59,31,45,54,45,49,30,54,0,54,30,19,13,22,63,16,5,9,29,59,0,17,22,64,7,19,40,24,0,15,28,0,0,13,22,23,43,65,25,13,71,17,22,26,14,45,32,42
2021-07-27 07:00:00,19,14,21,31,17,17,6,21,0,25,84,18,19,1,1,23,15,57,28,53,17,50,62,20,45,0,70,32,16,12,27,55,27,13,17,38,40,0,27,24,0,7,19,34,20,0,16,29,0,0,17,3,23,42,77,22,54,58,14,28,17,12,51,42,30
2021-07-27 08:00:00,19,0,16,46,20,89,6,26,1,27,46,14,15,0,1,13,16,52,14,62,12,79,65,25,45,0,70,34,12,9,24,46,20,15,18,24,28,0,18,30,0,6,35,34,19,0,15,37,0,0,13,4,58,49,70,23,27,56,14,30,11,12,40,37,24
2021-07-27 09:00:00,19,0,0,28,17,29,5,40,0,27,48,9,12,0,1,12,20,48,9,61,11,75,61,32,45,0,76,33,11,8,27,42,18,23,12,27,26,8,24,25,0,5,66,27,21,0,14,40,0,0,16,4,29,21,62,19,7,45,12,33,8,11,53,34,22
2021-07-27 10:00:00,13,0,0,27,28,32,6,24,0,23,80,13,8,0,1,16,16,46,11,58,10,72,64,32,45,0,88,33,14,7,29,45,20,11,31,43,24,0,24,21,0,5,49,30,23,0,12,43,46,0,13,6,44,19,64,20,6,45,11,29,6,9,49,47,21
2021-07-27 11:00:00,11,33,0,25,31,24,6,22,1,22,69,16,8,1,1,27,16,54,3,54,9,63,65,41,62,0,90,32,16,7,27,32,18,19,8,26,23,0,52,21,0,5,21,27,23,0,13,43,23,0,19,6,32,18,59,24,8,39,12,29,5,11,35,40,23
2021-07-27 12:00:00,16,27,14,24,51,22,6,20,1,25,68,15,9,1,1,26,18,50,5,65,9,67,62,54,55,0,75,33,14,7,22,40,30,17,19,37,23,0,68,25,0,5,19,26,21,0,13,39,22,0,15,2,33,17,55,23,41,36,13,28,5,12,27,65,26
2021-07-27 13:00:00,17,41,25,25,48,27,7,22,6,25,69,16,6,1,1,14,21,49,4,59,10,85,63,53,48,0,63,32,14,7,26,35,21,19,45,57,23,0,54,19,0,5,17,25,24,0,13,44,0,0,14,12,27,15,55,24,10,37,16,28,4,16,37,100,23
2021-07-27 14:00:00,13,25,0,23,20,22,6,18,17,23,58,13,30,1,1,39,19,52,5,60,9,52,62,42,46,0,75,32,12,22,44,30,19,19,7,40,23,7,27,20,0,6,19,26,23,0,11,46,21,0,12,3,45,15,53,19,7,34,20,24,17,14,38,46,24
2021-07-27 15:00:00,13,0,0,22,15,24,6,18,11,23,61,10,9,1,1,21,19,53,5,64,9,41,56,29,47,0,78,34,11,9,33,28,24,22,14,23,21,0,34,19,0,6,32,45,21,0,10,46,0,0,14,7,28,16,50,18,5,42,11,23,4,10,31,53,33
2021-07-27 16:00:00,35,9,0,26,17,24,6,19,44,35,54,14,11,1,1,11,21,55,4,73,9,34,48,18,52,0,69,34,11,6,33,31,26,14,15,22,21,0,25,24,0,6,17,31,24,0,14,49,0,0,31,0,38,100,50,16,6,36,14,25,4,10,26,79,36
2021-07-27 17:00:00,22,19,14,25,17,25,6,19,3,31,38,11,16,1,1,12,19,53,2,71,12,37,41,25,55,0,85,35,11,6,43,36,28,21,12,37,30,0,35,30,0,6,18,28,25,0,12,48,0,0,24,2,36,35,57,17,6,37,17,28,5,8,26,34,29
2021-07-27 18:00:00,11,9,0,25,18,24,6,19,3,27,25,9,11,1,1,30,19,59,7,73,11,38,39,31,59,0,64,35,9,6,40,36,27,31,8,39,32,0,29,25,0,7,19,28,26,0,15,53,44,0,21,6,24,20,60,16,9,30,18,27,13,9,37,32,27
2021-07-27 19:00:00,15,13,0,38,16,25,8,23,34,27,45,15,16,1,1,51,23,64,4,78,12,49,48,50,65,0,45,35,12,7,42,64,41,30,33,56,28,0,48,29,0,8,23,27,30,0,18,57,0,0,21,2,35,45,59,21,24,40,31,30,8,11,34,60,35
2021-07-27 20:00:00,18,4,13,33,15,38,7,21,8,28,35,13,11,1,1,30,23,70,0,83,11,58,40,59,58,0,69,36,10,7,45,45,30,27,33,64,32,0,37,43,0,9,17,33,31,0,16,58,22,0,18,4,47,82,53,16,7,37,27,29,13,10,27,42,32
2021-07-27 21:00:00,18,5,0,31,21,43,8,22,4,30,51,14,19,1,1,34,23,77,5,91,13,38,35,56,52,0,92,33,11,7,44,40,31,28,29,31,30,0,34,37,0,9,17,31,32,0,14,57,50,0,20,6,35,39,57,18,7,39,20,25,7,10,32,33,34
2021-07-27 22:00:00,21,8,0,25,20,56,6,24,4,36,43,14,13,0,1,39,23,78,5,100,12,33,32,51,52,0,72,27,13,7,49,39,25,29,13,41,32,0,29,34,0,9,16,28,32,0,12,68,0,0,27,6,46,19,45,20,5,39,20,23,5,10,35,33,43
2021-07-27 23:00:00,31,14,0,26,20,35,7,26,100,45,54,11,0,1,1,34,22,76,6,91,9,22,31,53,43,0,62,20,14,6,32,31,31,31,22,30,23,0,25,29,0,21,14,23,26,0,14,75,0,0,29,17,30,24,37,20,5,33,15,18,2,12,42,36,49
2021-07-28 00:00:00,23,25,75,40,13,38,7,55,16,52,33,18,34,0,1,0,22,82,0,67,9,14,24,63,43,0,100,16,10,7,49,44,28,11,0,28,27,0,25,31,0,79,13,18,35,0,14,93,0,0,23,10,16,12,32,19,5,30,14,18,2,16,31,39,63
2021-07-28 01:00:00,28,0,0,100,10,41,7,31,3,58,7,17,0,0,0,33,23,76,0,63,8,17,24,86,43,0,23,15,9,18,51,34,24,0,0,11,17,0,27,4,0,100,18,17,35,0,11,77,0,0,12,0,38,10,50,25,4,31,13,10,1,16,5,24,53
2021-07-28 02:00:00,15,0,0,51,9,58,9,52,0,66,19,15,0,2,0,0,32,86,0,53,8,17,25,61,41,0,65,15,7,12,32,100,19,52,0,0,23,0,9,55,0,60,67,13,35,0,9,92,0,0,0,0,0,7,79,25,4,44,21,15,2,12,45,23,71
2021-07-28 03:00:00,29,0,0,49,14,48,5,48,1,50,21,11,0,0,0,0,29,77,0,70,8,21,30,68,52,0,36,15,12,17,53,73,26,0,0,35,19,0,10,67,0,57,26,34,36,0,9,66,0,0,10,0,79,9,83,29,3,58,16,10,2,10,22,16,54
2021-07-28 04:00:00,25,0,0,34,12,11,5,45,1,53,35,12,0,0,0,0,29,81,0,27,7,19,41,0,62,0,24,22,8,11,12,64,12,19,0,24,17,0,7,74,0,45,49,35,27,0,8,20,0,0,32,0,0,7,65,23,2,81,29,10,1,8,14,23,62
2021-07-28 05:00:00,15,0,0,30,11,35,5,35,1,42,39,11,7,1,1,33,28,76,5,46,15,33,37,0,56,0,45,28,11,11,25,64,15,27,33,38,19,0,23,49,0,42,31,43,23,0,13,29,0,0,21,8,18,11,65,22,3,100,21,14,2,8,31,23,41
2021-07-28 06:00:00,22,10,0,33,16,13,6,21,1,37,39,12,4,0,1,9,21,65,2,54,62,35,44,11,55,0,30,33,12,10,37,43,14,0,26,12,19,0,21,60,0,33,28,42,24,0,12,32,0,0,6,0,23,14,69,24,3,71,20,23,2,9,44,23,30
2021-07-28 07:00:00,20,13,20,47,18,34,6,21,2,31,38,9,9,1,1,28,19,58,2,55,25,36,55,10,50,0,81,34,10,8,26,40,16,12,6,37,18,0,23,100,0,30,26,38,25,0,13,24,33,0,9,6,29,13,73,20,3,58,26,30,3,9,41,23,27
2021-07-28 08:00:00,34,16,0,31,17,20,6,19,1,37,29,7,15,1,1,9,21,52,0,56,11,43,57,25,48,0,55,34,8,8,35,42,17,12,0,27,16,0,21,66,0,20,58,35,21,0,10,36,79,0,12,0,23,12,72,20,3,50,27,33,2,7,32,19,23
2021-07-28 09:00:00,33,5,29,37,15,22,6,23,1,36,22,7,10,0,1,28,31,50,1,59,9,43,58,24,44,0,80,33,7,7,17,38,19,20,16,34,17,0,14,28,0,16,50,28,21,0,10,35,24,0,8,6,20,12,62,16,3,38,12,36,2,8,33,21,21
2021-07-28 10:00:00,18,5,43,34,24,23,6,23,1,29,27,8,10,1,1,16,22,54,2,62,8,57,52,49,45,0,68,34,6,6,33,36,19,20,12,41,14,0,32,27,0,15,19,31,21,0,9,42,0,0,13,0,27,12,59,26,2,37,15,31,2,10,33,24,19
2021-07-28 11:00:00,16,5,42,31,21,30,6,26,1,26,16,10,6,1,1,12,17,54,3,56,8,73,54,35,47,0,54,33,7,6,38,38,18,28,8,56,17,0,24,30,0,14,17,28,22,0,9,39,0,0,19,8,40,12,56,19,2,34,14,30,2,10,35,30,20
2021-07-28 12:00:00,24,14,14,30,23,20,7,30,1,32,20,8,8,1,1,23,19,63,0,63,9,69,50,37,51,0,66,35,6,6,32,31,21,17,19,37,18,0,59,34,0,14,16,30,22,0,10,50,23,0,12,4,33,12,57,22,2,35,35,29,2,11,34,32,25
2021-07-28 13:00:00,100,4,0,26,28,22,7,30,1,73,20,9,12,1,1,19,17,55,3,69,8,46,56,32,45,0,95,33,10,6,30,45,20,23,15,34,18,0,38,24,0,12,15,27,23,0,9,49,22,0,12,6,39,11,50,17,2,31,29,27,2,12,28,21,21
2021-07-28 14:00:00,50,0,0,25,14,18,6,25,1,41,16,8,9,0,1,26,15,59,3,66,8,36,56,17,43,0,45,33,6,16,35,33,19,16,18,35,18,0,28,38,0,18,16,27,20,0,9,51,43,0,17,2,33,10,45,20,2,33,24,25,2,13,29,20,24
2021-07-28 15:00:00,21,13,13,23,10,21,7,20,1,27,16,8,10,0,1,36,24,66,4,61,8,35,51,31,44,0,62,34,5,7,37,27,19,16,22,24,17,0,29,24,0,39,15,29,21,0,8,44,0,0,13,2,19,9,45,26,2,35,15,22,1,7,26,20,23
2021-07-28 16:00:00,42,14,14,24,11,21,7,100,1,46,17,8,8,1,1,27,23,62,2,63,8,30,40,43,50,0,42,35,7,8,34,31,24,15,11,25,18,0,28,25,0,13,16,56,21,0,9,50,45,0,16,9,19,10,45,25,2,57,18,23,2,7,23,22,20
2021-07-28 17:00:00,14,14,14,25,9,24,6,25,1,26,23,7,10,1,1,19,20,61,2,68,10,35,38,43,60,0,63,34,6,14,38,36,24,21,15,25,19,0,26,26,0,14,16,30,25,0,10,54,23,0,16,2,22,11,54,18,3,36,26,25,2,7,25,19,28
2021-07-28 18:00:00,13,14,0,32,11,30,7,22,1,25,14,9,8,1,1,22,20,60,1,87,10,33,40,39,73,0,49,35,6,8,27,35,28,25,7,36,20,0,32,27,0,12,16,27,25,0,11,60,0,0,21,9,31,14,58,18,3,30,25,24,2,8,24,20,22
2021-07-28 19:00:00,24,26,13,31,11,32,9,24,1,38,25,8,10,1,3,35,29,61,2,76,11,45,41,37,81,0,68,36,8,7,43,42,29,19,14,67,24,0,35,38,0,41,24,32,29,0,13,50,63,0,19,0,28,13,55,19,3,33,49,26,2,7,40,29,28
2021-07-28 20:00:00,14,13,26,28,11,26,7,37,1,27,22,8,12,1,3,18,21,65,2,80,10,43,36,39,82,0,72,36,7,7,47,41,29,26,29,44,23,0,27,42,0,16,25,32,29,0,12,55,0,0,5,4,30,14,48,15,3,30,28,25,2,8,33,23,30
2021-07-28 21:00:00,31,15,0,28,12,35,7,24,1,37,19,10,5,1,4,13,21,74,2,78,10,35,28,27,60,0,86,35,7,7,37,37,24,21,42,45,22,0,35,38,0,17,17,30,33,0,11,58,49,0,15,8,38,12,49,18,3,33,31,25,2,8,34,23,34
2021-07-28 22:00:00,36,8,23,27,12,22,6,23,1,42,24,10,13,1,4,25,22,76,4,82,9,28,28,36,55,0,57,32,9,7,49,46,27,35,0,34,20,0,23,33,0,15,14,25,33,0,11,59,0,0,21,3,31,11,40,20,3,31,21,22,2,8,28,23,44
2021-07-28 23:00:00,75,0,0,27,12,18,6,26,1,100,17,10,12,1,4,38,21,64,0,97,7,18,50,33,57,0,66,27,7,7,57,43,27,11,19,26,17,0,23,11,0,21,13,19,28,0,13,74,0,0,90,0,32,7,31,40,2,45,16,17,1,10,42,28,50
2021-07-29 00:00:00,13,0,0,24,9,21,7,46,1,60,10,10,0,1,12,17,21,71,0,87,6,15,64,44,49,0,58,25,10,7,52,38,27,38,17,23,18,0,7,18,0,48,11,15,35,0,13,60,0,0,100,17,0,7,30,23,2,37,13,16,1,12,44,34,64
2021-07-29 01:00:00,8,0,0,30,13,69,7,80,0,39,19,10,0,2,36,64,25,86,0,61,8,13,26,69,45,0,66,23,8,8,27,39,21,35,64,32,19,0,6,11,0,65,10,22,35,0,7,58,0,0,29,16,0,5,52,16,3,28,12,12,1,11,44,23,82
2021-07-29 02:00:00,9,0,0,46,8,0,6,79,0,37,18,6,0,1,26,46,22,97,0,66,6,12,41,0,43,0,31,27,6,13,39,61,20,25,0,0,18,0,18,11,0,31,15,18,41,0,10,100,0,0,34,0,0,5,65,26,2,32,14,12,1,9,19,17,92
2021-07-29 03:00:00,5,63,0,41,7,16,7,45,0,36,42,10,22,1,15,0,42,79,0,70,5,14,34,45,52,0,0,28,6,18,71,58,13,0,0,17,12,0,0,12,0,24,12,29,35,0,10,69,0,0,10,0,20,7,61,51,2,42,10,16,1,10,57,23,56
2021-07-29 04:00:00,7,0,0,30,11,22,7,46,0,31,42,17,14,2,8,0,35,87,0,43,6,21,29,60,69,0,48,39,5,40,24,54,19,19,0,0,15,0,7,24,0,26,14,33,29,0,7,33,0,0,6,17,0,4,42,29,1,35,15,11,1,10,72,13,49
2021-07-29 05:00:00,7,0,0,28,8,30,8,24,0,29,39,24,7,1,10,48,25,69,0,38,8,25,40,21,59,0,66,42,8,17,22,59,12,18,16,32,19,0,6,17,0,28,23,39,29,0,7,24,95,0,9,8,55,7,45,16,2,34,21,14,1,10,53,15,52
2021-07-29 06:00:00,6,0,28,34,11,10,8,22,1,34,14,10,10,1,11,23,19,63,2,49,7,29,54,23,59,0,74,45,6,13,37,44,15,9,23,49,16,0,25,17,0,32,19,46,42,0,11,29,0,0,31,0,14,9,50,19,3,49,19,21,1,7,52,16,34
2021-07-29 07:00:00,7,0,21,36,11,23,9,22,1,22,18,9,7,1,8,34,15,58,3,69,6,35,49,32,46,0,35,43,7,11,31,40,19,9,17,36,14,0,16,22,0,21,16,40,100,0,9,33,34,0,14,0,24,10,51,32,2,46,30,26,1,7,41,17,27
2021-07-29 08:00:00,7,0,33,45,10,20,9,28,0,22,15,10,2,1,6,23,15,54,4,54,6,31,60,22,42,0,63,43,6,11,20,52,19,13,14,31,13,0,13,14,0,22,28,43,40,0,8,35,55,0,20,0,33,9,56,29,2,45,29,28,1,11,30,13,24
2021-07-29 09:00:00,7,10,0,33,13,22,7,53,0,23,13,8,9,1,5,17,16,50,2,62,5,30,61,18,42,0,44,40,6,11,27,50,17,12,9,34,15,8,21,21,0,14,40,32,25,0,7,36,0,0,16,0,16,10,51,28,2,43,19,30,1,13,46,17,24
2021-07-29 10:00:00,5,5,44,27,16,16,7,36,0,23,14,14,12,0,5,16,18,47,1,67,6,29,58,26,39,0,53,37,5,57,48,52,21,18,12,33,14,0,16,17,0,10,18,28,25,0,7,42,24,0,11,0,12,9,50,36,2,44,21,31,1,12,54,16,22
2021-07-29 11:00:00,4,15,30,27,24,25,8,36,1,23,11,9,5,1,4,29,20,53,3,68,6,27,59,33,42,0,64,37,6,32,33,34,19,14,4,36,15,0,61,16,0,10,16,32,26,0,6,42,0,0,19,6,18,9,50,22,2,43,15,28,1,7,37,14,23
2021-07-29 12:00:00,5,15,0,26,29,28,9,39,1,25,15,11,10,1,3,25,19,53,2,65,6,29,53,42,42,0,51,37,6,17,36,73,23,7,12,22,15,0,100,15,0,9,16,28,25,0,8,43,48,0,17,10,26,9,44,38,2,43,16,28,1,9,37,19,26
2021-07-29 13:00:00,4,9,14,25,30,24,9,28,0,25,9,10,13,1,4,24,32,52,0,74,6,28,69,30,39,0,46,35,6,20,34,33,21,26,16,35,15,7,59,17,0,7,14,28,23,0,6,41,46,0,19,8,27,7,45,34,2,39,15,26,1,15,21,17,23
2021-07-29 14:00:00,4,5,14,21,13,19,8,25,0,20,5,7,13,2,15,15,17,58,2,76,5,29,54,25,41,0,61,35,5,9,35,34,20,23,19,39,14,0,28,18,0,9,20,27,25,0,10,48,23,0,15,6,29,8,44,18,2,33,22,25,1,15,24,17,20
2021-07-29 15:00:00,5,18,14,22,11,10,8,40,0,34,8,8,3,1,3,34,17,62,4,55,5,24,49,38,41,0,39,36,3,8,31,30,20,10,15,25,18,0,24,20,0,15,16,37,23,0,6,47,0,0,13,2,30,10,42,20,1,32,12,24,1,10,22,15,23
2021-07-29 16:00:00,4,5,29,23,11,10,9,28,0,21,13,7,7,1,4,48,23,58,3,65,6,25,45,31,49,0,74,37,5,45,47,48,23,9,8,31,18,8,27,18,0,8,16,31,26,0,7,44,23,0,20,2,9,9,40,65,2,43,16,24,1,7,28,17,25
2021-07-29 17:00:00,3,5,15,23,9,18,10,20,0,20,7,6,5,1,4,49,19,57,0,72,6,24,41,37,55,0,56,37,4,14,35,39,29,11,12,25,19,0,25,18,0,11,17,28,28,0,7,49,0,0,17,2,22,9,45,38,2,36,17,26,1,7,23,17,28
2021-07-29 18:00:00,3,5,0,25,9,22,12,19,0,22,15,5,2,1,4,89,21,60,4,86,8,26,38,40,59,0,47,36,5,13,44,38,28,18,20,38,21,0,42,21,0,15,18,35,29,0,9,60,0,0,12,0,21,10,47,20,2,32,23,27,2,6,34,19,25
2021-07-29 19:00:00,4,14,0,35,9,33,17,21,0,22,14,9,100,1,5,49,28,64,0,90,8,30,40,47,56,0,60,39,5,16,58,35,28,98,49,67,19,0,40,23,0,15,24,46,51,0,12,56,45,0,15,4,43,11,70,19,2,33,28,31,2,8,32,24,32
2021-07-29 20:00:00,3,9,14,28,10,30,17,19,0,27,14,12,24,2,16,23,23,68,1,95,8,32,39,53,57,0,42,39,5,10,46,48,31,55,23,46,24,0,66,23,0,15,19,33,38,0,12,57,0,0,30,2,35,10,47,25,2,35,31,28,2,9,33,22,32
2021-07-29 21:00:00,4,21,0,28,6,17,19,22,1,25,6,8,7,2,11,17,23,71,1,88,8,29,30,47,50,0,69,36,4,10,52,38,26,31,22,37,22,0,38,25,0,12,17,31,34,0,10,57,52,0,22,4,21,11,44,23,2,36,19,27,2,8,27,23,41
2021-07-29 22:00:00,7,8,0,33,6,20,18,24,0,28,12,6,19,1,7,19,22,75,4,86,8,23,33,64,46,0,84,31,5,8,39,36,32,32,13,22,21,0,27,21,0,11,13,25,32,0,7,61,38,0,19,10,22,9,40,29,2,35,19,22,2,8,34,20,44
2021-07-29 23:00:00,3,27,0,33,8,31,26,25,1,31,29,9,19,1,8,34,22,78,0,90,8,34,24,77,41,0,85,26,100,6,36,42,30,43,0,64,18,0,25,17,0,15,11,20,31,0,8,70,0,0,10,0,4,7,32,83,2,45,15,20,1,9,37,21,56
2021-07-30 00:00:00,1,0,0,39,3,6,51,28,0,39,4,9,0,1,12,20,27,77,0,75,7,30,25,88,43,0,84,24,10,6,38,30,24,11,20,34,19,39,45,29,0,38,10,18,36,0,8,69,0,0,15,0,15,6,31,26,2,29,12,14,1,11,31,17,62
2021-07-30 01:00:00,1,0,0,46,3,20,47,42,0,34,0,5,14,1,35,0,30,91,0,92,5,18,17,100,44,0,91,23,6,7,28,42,20,0,33,22,14,0,20,12,0,63,11,14,31,0,6,81,0,0,6,0,0,4,51,20,1,27,15,14,1,11,41,18,60
2021-07-30 02:00:00,1,0,0,39,2,13,55,48,0,45,9,13,0,3,53,43,26,73,0,62,7,18,25,37,45,0,29,26,7,8,29,84,21,24,43,14,15,0,34,10,0,22,14,18,34,0,11,51,0,0,55,21,32,3,91,24,2,31,11,15,1,11,53,17,64
2021-07-30 03:00:00,0,0,0,42,1,31,53,34,0,31,0,6,41,3,100,0,35,85,0,55,6,18,37,0,49,0,68,28,6,11,25,58,13,0,0,0,17,0,20,23,0,17,12,27,30,0,10,75,0,0,9,0,37,3,42,18,1,32,12,17,1,10,48,11,69
2021-07-30 04:00:00,1,0,0,31,4,11,38,19,0,36,0,5,0,4,45,35,73,79,19,50,6,27,31,60,62,0,71,39,5,10,12,49,12,57,0,23,15,0,35,8,0,21,17,43,20,0,7,20,0,0,19,0,13,8,36,15,1,30,43,56,2,10,10,19,46
2021-07-30 05:00:00,1,0,0,34,4,0,31,21,0,21,7,9,7,4,29,34,39,66,5,49,8,36,40,29,55,0,23,43,6,14,52,50,18,9,34,6,17,0,30,33,0,22,17,50,20,0,10,22,100,0,19,8,32,7,52,16,1,34,49,57,1,10,30,21,37
2021-07-30 06:00:00,2,0,31,34,4,13,28,30,0,16,7,8,4,5,26,43,27,67,2,65,13,42,42,41,52,0,42,52,5,10,31,37,17,10,17,20,18,0,35,16,0,20,16,49,27,0,13,29,0,0,14,4,39,8,60,16,3,40,34,100,2,8,56,20,36
2021-07-30 07:00:00,3,0,20,38,4,10,30,41,0,18,9,9,5,3,16,28,32,58,2,62,10,36,44,15,45,0,58,47,6,9,28,40,16,15,11,34,16,0,25,22,0,24,15,50,20,0,10,26,0,0,13,3,30,8,60,22,2,46,38,57,2,9,25,17,26
2021-07-30 08:00:00,2,5,16,50,4,10,28,38,0,17,9,11,15,3,12,18,33,51,1,72,7,38,49,33,48,0,40,42,8,8,24,41,19,20,31,28,16,0,20,15,0,16,30,40,20,0,9,28,0,0,15,2,34,9,62,19,2,44,29,54,1,8,25,17,20
2021-07-30 09:00:00,2,20,15,31,4,14,25,40,0,22,5,6,8,3,9,33,20,47,2,65,8,38,51,32,68,0,42,41,5,9,27,48,16,16,24,26,15,0,24,19,0,11,27,31,20,0,7,37,0,0,25,4,29,8,54,18,1,58,23,48,1,7,37,16,23
2021-07-30 10:00:00,2,0,0,31,4,5,32,34,0,18,12,5,2,2,7,24,18,46,2,60,6,35,52,39,76,0,43,38,5,9,29,38,16,17,20,24,14,0,25,27,0,9,32,28,22,0,7,41,23,0,9,4,30,8,52,20,1,54,15,43,1,6,26,14,20
2021-07-30 11:00:00,2,5,14,25,5,19,31,33,0,18,8,6,2,2,8,24,19,48,3,60,7,34,48,17,90,0,81,37,5,10,32,40,18,15,16,18,14,0,20,18,0,8,25,27,22,0,6,44,47,0,19,2,28,7,48,30,1,45,21,38,1,8,22,22,26
2021-07-30 12:00:00,2,5,0,26,4,14,36,28,0,21,8,8,5,3,8,4,19,50,5,69,7,36,52,32,64,0,56,35,6,22,41,53,16,15,20,30,16,0,18,20,0,8,18,29,22,0,7,46,0,0,18,6,23,8,46,49,2,48,24,36,2,9,22,23,22
2021-07-30 13:00:00,2,9,0,27,4,12,29,22,0,19,8,7,11,2,6,19,26,53,2,64,6,31,48,27,53,0,51,35,5,24,32,29,18,21,12,33,17,0,29,19,0,8,16,27,25,0,5,44,0,0,16,6,26,7,42,46,2,41,21,35,2,10,26,22,24
2021-07-30 14:00:00,2,0,0,26,4,20,15,44,0,18,8,6,3,2,6,15,21,56,5,70,6,31,49,34,51,0,44,35,5,35,56,25,16,23,26,30,16,7,24,26,0,22,15,31,22,0,6,47,22,0,17,0,24,8,42,36,2,39,21,30,1,12,23,20,24
2021-07-30 15:00:00,1,18,14,61,3,19,14,23,0,18,5,5,16,5,12,8,21,55,1,70,7,28,44,36,48,0,42,36,4,9,38,23,20,21,23,23,19,0,20,19,0,10,15,52,22,0,8,43,0,0,24,6,30,8,39,52,2,42,30,42,2,9,21,19,24
2021-07-30 16:00:00,2,10,0,25,3,22,14,27,0,18,8,5,5,3,6,35,30,55,1,75,7,47,36,34,60,0,46,37,5,11,39,25,23,13,0,38,19,0,25,18,0,9,16,42,26,0,6,50,23,0,15,0,27,8,39,29,2,61,22,33,2,6,24,18,25
2021-07-30 17:00:00,2,10,0,23,3,16,15,24,0,19,6,5,5,5,7,45,24,56,5,70,7,41,33,37,53,0,56,35,4,10,31,31,41,27,12,20,19,8,17,18,0,12,17,29,27,0,7,52,0,0,13,6,26,7,41,18,2,37,26,37,2,6,25,20,28
2021-07-30 18:00:00,2,5,0,26,2,19,15,19,0,20,8,5,8,5,11,24,24,59,2,64,7,33,30,26,51,0,50,36,4,8,46,29,68,22,24,37,21,0,24,18,0,8,17,27,28,0,10,57,24,0,12,6,17,10,42,18,2,36,26,34,3,6,27,21,28
2021-07-30 19:00:00,1,10,0,35,4,30,23,21,0,25,8,6,16,6,6,91,34,59,2,93,10,39,33,59,57,0,38,37,4,9,38,34,100,28,20,47,20,0,35,23,0,16,19,33,31,0,9,56,0,0,23,2,40,9,48,22,2,38,34,47,3,6,21,24,33
2021-07-30 20:00:00,2,5,0,38,3,31,19,22,0,23,14,7,7,5,6,56,28,70,6,79,9,37,26,45,58,0,36,34,6,9,37,37,58,33,17,48,21,0,33,25,0,11,17,32,31,0,8,52,26,0,21,4,28,9,39,100,2,51,32,34,7,7,33,28,35
2021-07-30 21:00:00,2,17,0,40,4,34,21,24,0,24,6,6,15,5,4,37,28,70,4,96,8,33,27,40,49,0,58,34,4,8,37,37,36,41,19,44,21,0,29,22,34,12,18,30,35,0,8,52,83,0,26,7,19,8,38,38,2,39,25,34,7,6,29,27,36
2021-07-30 22:00:00,3,8,0,34,3,22,21,26,1,25,5,8,19,6,6,46,30,75,0,83,8,27,25,40,51,0,77,31,4,8,50,50,29,44,13,67,19,0,19,22,0,9,17,24,33,0,8,65,0,0,26,16,22,9,40,22,2,38,26,26,47,7,27,28,52
2021-07-30 23:00:00,1,13,0,29,2,23,19,26,0,28,13,7,35,5,2,21,28,77,3,81,8,24,16,60,44,0,37,26,5,6,42,31,30,35,11,61,18,20,17,26,0,7,13,21,31,0,8,73,0,0,23,5,24,7,33,17,1,30,15,22,77,8,28,31,60
2021-07-31 00:00:00,1,0,0,45,3,22,61,43,0,32,28,20,14,9,2,52,32,76,5,82,9,33,24,60,44,0,72,28,9,9,51,31,36,19,17,94,18,0,10,22,0,8,12,29,34,0,10,80,0,0,32,9,20,5,41,16,2,30,40,16,52,12,26,27,79
2021-07-31 01:00:00,6,0,0,36,3,18,48,35,0,35,18,12,12,29,2,59,28,84,0,50,7,26,23,64,43,0,61,23,5,6,35,33,31,82,0,30,16,0,36,17,0,6,11,18,32,0,5,67,0,0,38,15,22,2,55,17,1,28,28,18,12,10,41,28,73
2021-07-31 02:00:00,1,0,0,31,3,12,36,38,0,56,8,6,0,32,1,0,29,78,0,69,9,24,24,66,46,0,26,23,4,6,13,24,21,0,39,0,14,0,31,13,0,4,21,18,27,0,6,58,0,0,71,0,0,4,65,16,2,30,19,15,9,12,21,18,63
2021-07-31 03:00:00,0,0,0,32,11,77,45,48,0,37,10,4,0,31,3,100,41,87,0,61,9,25,23,86,48,0,0,31,6,9,26,40,14,28,100,17,16,0,20,23,0,7,36,33,31,0,6,31,0,0,18,0,56,3,87,27,1,33,56,17,11,10,41,44,70
2021-07-31 04:00:00,1,100,0,45,1,0,38,41,0,34,0,26,0,19,1,0,52,79,0,51,7,42,35,18,59,0,0,49,5,12,42,27,19,23,41,0,14,0,25,10,0,6,23,42,28,0,5,31,0,0,8,0,31,7,45,11,2,33,44,18,14,13,40,28,63
2021-07-31 05:00:00,1,26,0,35,2,33,33,34,1,26,22,10,0,18,2,43,36,71,0,51,7,51,41,0,58,0,0,56,6,12,30,23,17,24,22,36,16,0,22,13,0,7,23,60,30,0,6,24,0,0,8,22,16,11,54,14,1,36,41,25,19,8,45,28,49
2021-07-31 06:00:00,1,26,0,45,4,23,40,35,0,25,9,6,13,20,2,22,30,64,9,76,12,61,40,9,60,0,52,58,6,12,20,29,19,12,22,44,15,0,20,20,0,10,34,100,26,0,7,39,0,0,16,0,33,18,78,22,1,51,45,40,34,7,39,35,42
2021-07-31 07:00:00,2,0,0,40,6,35,42,33,1,22,13,8,28,15,2,54,35,61,4,83,11,57,48,14,58,0,28,50,7,13,21,29,21,15,27,54,20,0,27,19,0,10,28,61,27,0,8,33,40,0,16,0,35,11,82,21,2,60,44,43,44,7,54,41,34
2021-07-31 08:00:00,2,7,98,46,6,18,39,40,0,21,8,8,13,12,2,32,38,60,4,79,10,49,50,16,62,0,41,44,6,10,22,40,23,12,22,29,19,0,23,21,0,9,75,50,27,0,8,43,32,0,15,5,55,10,78,22,2,77,55,42,15,8,45,38,32
2021-07-31 09:00:00,1,0,35,66,7,30,49,52,0,23,8,7,4,9,2,10,55,55,3,83,8,42,51,23,61,0,43,42,5,10,34,37,23,16,29,34,19,0,29,22,0,7,63,40,25,0,9,39,0,0,4,5,62,10,70,20,2,66,36,42,10,8,42,42,29
2021-07-31 10:00:00,2,0,84,41,6,14,61,75,0,25,9,7,13,8,1,33,34,49,0,85,7,44,56,30,61,0,57,40,5,9,34,46,21,21,19,39,18,0,23,16,0,6,24,31,26,0,8,46,0,0,19,5,37,8,62,17,2,55,34,42,7,8,45,29,25
2021-07-31 11:00:00,2,11,100,36,4,18,59,63,0,25,10,6,6,7,2,9,31,47,5,76,8,44,46,40,67,0,47,40,5,15,35,62,23,23,9,26,20,0,31,23,0,7,24,31,27,0,7,51,0,0,14,5,33,9,56,21,2,52,43,40,6,8,52,35,28
2021-07-31 12:00:00,1,0,97,36,5,27,100,47,0,43,12,9,18,7,2,27,27,50,5,87,7,40,43,21,73,0,43,40,5,22,46,27,20,17,27,43,21,0,33,18,0,6,24,32,26,0,7,56,26,0,16,0,32,9,53,18,2,49,34,39,6,10,38,36,24
2021-07-31 13:00:00,1,11,32,35,7,15,60,39,0,41,4,8,17,7,1,40,72,56,2,79,9,42,42,21,82,0,40,40,5,19,48,28,22,7,22,28,21,0,33,16,0,6,29,34,25,0,8,47,26,0,20,9,44,8,49,20,2,56,34,36,5,12,35,35,26
2021-07-31 14:00:00,1,5,0,37,7,22,25,42,0,29,9,9,29,10,1,13,33,52,4,90,8,37,36,23,99,0,45,40,5,33,45,28,23,15,22,43,21,0,29,23,0,6,34,31,27,0,8,52,0,0,24,7,36,8,46,20,1,52,34,34,18,13,31,33,28
2021-07-31 15:00:00,2,5,31,87,7,18,19,35,0,27,3,6,14,19,2,21,28,59,6,90,7,34,35,37,100,0,29,40,4,9,32,24,20,19,38,34,23,0,22,25,0,6,52,44,26,0,11,54,75,0,24,11,43,13,39,20,2,52,30,30,5,12,35,28,29
2021-07-31 16:00:00,4,5,15,27,7,20,18,26,0,61,6,5,9,8,1,13,47,57,0,77,7,35,34,29,88,0,41,38,3,8,45,25,24,30,13,28,21,0,18,19,0,5,92,29,25,0,8,53,0,0,24,6,41,9,39,16,2,40,29,28,4,6,19,21,29
2021-07-31 17:00:00,2,5,47,26,9,26,16,20,0,26,1,5,14,7,2,21,42,61,2,80,6,38,29,26,69,0,50,38,3,7,42,23,22,21,13,27,21,0,20,29,0,6,100,29,29,0,6,50,0,0,18,6,19,8,38,15,1,38,27,27,5,6,21,24,39
2021-07-31 18:00:00,1,5,15,67,11,31,18,21,0,31,9,5,19,8,1,30,54,65,7,77,8,39,30,50,69,0,50,40,3,8,38,22,26,23,38,56,20,0,22,21,0,7,75,29,31,100,8,61,25,0,13,4,53,9,51,17,2,38,37,27,9,7,27,27,38
2021-07-31 19:00:00,2,0,30,42,22,44,20,22,0,24,11,14,22,8,1,66,56,62,7,74,9,48,30,20,80,0,34,37,5,9,39,31,30,25,16,81,21,0,30,23,0,7,36,35,32,0,7,59,24,0,12,6,37,10,45,17,2,40,51,28,11,10,24,41,37
2021-07-31 20:00:00,2,20,31,26,22,51,19,23,0,23,8,8,16,7,2,51,54,72,2,71,7,36,28,33,83,0,41,35,4,23,53,79,25,21,47,47,21,0,23,29,0,6,32,28,32,0,7,59,0,0,23,21,33,10,41,18,2,36,34,24,10,8,31,25,38
2021-07-31 21:00:00,2,12,18,26,30,86,23,22,0,24,7,7,12,8,1,10,57,82,4,75,9,39,22,23,71,0,60,34,4,9,44,35,28,29,29,39,23,0,33,21,0,6,22,32,36,0,7,69,57,0,27,5,31,10,42,16,2,36,34,23,5,9,23,27,42
2021-07-31 22:00:00,1,8,0,26,29,65,23,22,0,27,18,7,21,8,1,45,60,80,4,85,9,46,23,19,57,0,66,32,5,8,40,26,32,7,19,43,19,12,28,27,0,5,22,24,34,0,7,65,0,0,16,13,24,8,38,18,2,36,33,22,4,8,37,26,54
2021-07-31 23:00:00,3,12,0,24,31,61,25,32,0,27,12,7,8,11,1,10,46,75,22,89,7,95,21,43,51,0,69,29,5,7,46,34,32,22,10,77,20,19,36,15,0,5,16,20,36,0,7,58,0,0,11,10,30,8,36,15,2,34,26,18,2,10,38,31,57
2021-08-01 00:00:00,1,0,59,16,25,32,26,30,0,31,13,100,14,11,1,0,44,74,14,65,6,93,17,52,45,0,44,26,7,7,32,27,24,32,17,23,13,0,14,10,0,4,11,15,34,0,7,71,0,0,15,9,13,5,30,14,2,32,26,13,2,45,21,25,67
2021-08-01 01:00:00,0,0,0,22,27,68,27,25,0,32,16,64,11,44,1,28,42,71,15,60,7,87,20,36,40,0,53,24,9,7,56,31,23,17,0,28,13,0,0,13,0,3,9,14,33,0,9,68,0,0,25,0,21,5,55,20,2,25,14,12,1,30,26,25,73
2021-08-01 02:00:00,0,0,0,16,35,100,28,26,0,31,0,13,50,100,5,0,49,68,11,58,7,84,24,70,42,0,0,32,4,9,27,24,12,0,0,13,13,0,0,5,0,4,10,20,35,0,14,46,0,0,58,0,15,5,86,18,1,27,30,10,1,13,22,22,100
2021-08-01 03:00:00,0,0,0,19,49,76,33,21,0,29,0,13,0,72,7,98,73,75,0,30,10,75,31,64,47,0,0,47,9,11,41,22,20,0,0,33,14,0,20,23,0,2,14,35,34,0,7,50,0,0,35,0,18,6,57,25,0,29,79,13,1,12,47,31,81
2021-08-01 04:00:00,2,0,0,21,32,55,33,51,0,29,8,8,0,33,1,44,100,73,0,36,8,64,24,0,57,0,29,59,7,11,15,18,19,0,0,30,14,0,0,15,0,5,14,39,27,0,8,42,0,0,24,0,50,7,39,17,1,33,69,9,2,11,42,20,77
2021-08-01 05:00:00,2,0,0,17,41,77,30,46,0,22,0,12,0,40,1,25,69,83,7,49,10,100,28,11,60,0,16,69,5,12,21,19,11,15,0,8,18,0,5,26,0,6,19,54,24,0,6,33,0,0,4,12,28,6,53,18,1,43,51,16,3,9,48,32,54
2021-08-01 06:00:00,0,0,0,21,56,82,37,31,0,21,5,12,0,42,2,38,53,68,7,68,28,92,35,27,61,0,16,94,5,10,26,23,16,8,25,21,21,0,20,25,0,6,20,64,24,0,9,30,0,0,18,13,38,8,68,18,1,58,65,23,3,9,38,40,48
2021-08-01 07:00:00,1,0,0,21,56,52,35,31,0,20,12,30,6,57,3,7,45,59,6,79,15,94,35,16,64,0,65,100,7,11,33,18,18,9,58,27,22,0,19,30,0,6,22,58,27,0,11,34,0,0,16,18,46,11,73,18,1,61,78,33,3,14,39,31,41
2021-08-01 08:00:00,1,25,0,22,83,79,37,29,0,29,8,17,2,42,2,0,40,58,1,59,11,79,39,21,62,0,27,92,7,11,23,16,19,23,27,21,21,9,36,22,0,6,20,49,27,0,11,38,0,0,12,43,30,9,78,18,1,61,64,38,3,11,34,29,38
2021-08-01 09:00:00,1,6,16,24,94,64,40,29,0,33,4,23,0,33,2,19,34,54,7,67,10,66,40,27,56,0,39,56,6,11,33,19,21,12,28,24,20,0,74,27,32,5,17,37,25,0,9,37,0,0,14,81,23,9,69,20,1,58,48,41,2,13,27,30,38
2021-08-01 10:00:00,1,5,16,23,100,57,54,27,0,36,5,17,6,27,2,5,31,50,4,83,9,58,39,41,55,0,52,49,5,13,24,15,21,0,18,26,22,0,49,16,0,5,17,34,26,0,9,37,25,0,14,91,34,9,62,20,1,44,75,37,2,12,23,29,36
2021-08-01 11:00:00,0,5,0,28,61,43,58,39,0,33,5,10,2,26,1,22,29,52,4,77,8,62,44,21,59,0,37,45,5,16,40,17,19,8,22,43,20,0,31,16,60,5,16,38,24,0,9,48,0,0,14,74,35,7,57,23,1,40,65,35,2,11,32,38,34
2021-08-01 12:00:00,1,11,0,25,45,33,58,52,0,29,4,10,2,19,2,26,26,50,4,72,9,54,41,15,62,0,23,46,5,38,41,19,19,14,13,31,19,0,30,20,60,4,16,33,24,0,7,48,24,0,13,100,25,8,51,18,1,39,53,34,2,12,25,37,33
2021-08-01 13:00:00,2,5,0,25,46,67,43,54,0,30,6,8,4,18,1,17,33,50,8,71,10,56,41,32,67,56,45,41,7,100,60,19,20,19,31,32,20,0,26,12,29,4,16,33,25,0,8,46,0,0,20,59,20,8,55,19,1,37,71,30,2,15,25,34,35
2021-08-01 14:00:00,1,0,15,20,25,40,19,54,0,26,6,7,0,62,5,13,30,51,2,82,9,46,35,22,76,0,25,42,4,21,29,17,21,5,21,24,22,0,46,22,0,4,20,30,24,0,14,52,0,100,16,69,46,11,45,18,1,34,66,31,2,13,26,61,32
2021-08-01 15:00:00,1,0,0,21,23,32,17,39,0,26,2,6,10,17,1,24,22,54,7,69,9,66,37,22,78,0,46,50,4,16,35,13,20,15,24,36,22,0,35,21,54,5,21,53,26,0,7,48,0,0,26,52,33,10,44,17,1,41,46,26,2,13,28,51,32
2021-08-01 16:00:00,1,0,27,22,17,48,15,29,0,34,15,30,6,15,2,27,32,48,2,75,9,77,37,15,69,50,45,42,4,68,63,15,17,12,24,52,22,7,24,13,26,5,18,41,25,0,8,47,65,92,21,65,31,10,43,16,1,31,53,27,2,16,28,47,32
2021-08-01 17:00:00,1,0,0,24,16,29,15,23,0,22,8,22,10,16,2,20,23,56,4,61,9,48,32,19,66,100,43,41,4,16,33,16,21,7,24,21,23,0,22,19,0,5,16,29,26,0,6,54,0,0,19,30,29,8,45,15,1,31,51,28,2,14,23,26,34
2021-08-01 18:00:00,0,0,0,19,18,45,15,22,0,22,3,8,6,22,2,31,24,58,2,77,9,45,34,22,54,0,47,40,3,11,30,15,21,5,4,41,24,0,29,31,26,5,17,29,28,0,9,55,0,0,15,46,48,10,45,14,1,30,57,27,2,7,19,26,31
2021-08-01 19:00:00,1,4,0,21,17,61,17,24,0,23,4,8,11,18,2,52,26,62,3,81,13,58,35,26,52,47,57,40,3,13,44,16,23,16,22,63,23,0,38,24,100,5,16,37,30,0,9,48,21,0,17,37,100,10,58,14,1,31,100,26,2,8,25,52,32
2021-08-01 20:00:00,1,0,0,24,16,72,16,41,0,22,3,12,6,16,2,15,25,78,6,81,10,65,35,26,53,0,52,42,3,13,44,16,22,14,34,54,24,0,24,27,75,5,17,32,31,0,7,45,0,0,19,34,52,10,49,15,1,32,70,26,2,9,32,37,38
2021-08-01 21:00:00,1,5,15,21,19,75,18,33,0,25,9,9,13,20,3,29,24,73,9,94,10,52,30,44,47,0,50,36,4,12,43,17,23,35,28,42,25,8,30,31,30,5,14,33,33,0,8,54,0,0,32,49,50,11,44,16,2,32,86,26,2,8,37,35,37
